{"DefaultTint":{"r":1.0,"g":1.0,"b":1.0,"a":0.0},"FoldersData":{"Keys":["ccd610b9b9454df49ac3e09c9ac0f0b0","055ee16215ab80745a22dbc74cf41c98","963b80451348aea49a2ff7b043a2dc25"],"Values":[{"_guid":"ccd610b9b9454df49ac3e09c9ac0f0b0","_color":{"r":0.800000011920929,"g":0.6144634485244751,"b":0.2392156571149826,"a":0.699999988079071},"_recursive":true},{"_guid":"055ee16215ab80745a22dbc74cf41c98","_color":{"r":0.24000000953674317,"g":0.800000011920929,"b":0.7240407466888428,"a":0.699999988079071},"_recursive":true},{"_guid":"963b80451348aea49a2ff7b043a2dc25","_color":{"r":0.24000000953674317,"g":0.6033095121383667,"b":0.800000011920929,"a":0.699999988079071},"_recursive":true}]}}